Method;Job;AnalyzeLaunchVariance;EvaluateOverhead;MaxAbsoluteError;MaxRelativeError;MinInvokeCount;MinIterationTime;OutlierMode;Affinity;EnvironmentVariables;Jit;Platform;PowerPlanMode;Runtime;AllowVeryLargeObjects;Concurrent;CpuGroups;Force;HeapAffinitizeMask;HeapCount;NoAffinitize;RetainVm;Server;Arguments;BuildConfiguration;Clock;EngineFactory;NuGetReferences;Toolchain;IsMutator;InvocationCount;IterationCount;IterationTime;LaunchCount;MaxIterationCount;MaxWarmupIterationCount;MinIterationCount;MinWarmupIterationCount;RunStrategy;UnrollFactor;WarmupCount;Mean;Error;StdDev;Median;Gen 0;Gen 1;Gen 2;Allocated
DeterministicArray;ServerForce;False;Default;Default;Default;Default;Default;Default;111111111111111111111111;Empty;RyuJit;X64;8c5e7fda-e8bf-4a96-9a85-a6e23a8c635c;.NET Core 3.1;False;True;False;True;Default;Default;False;False;True;Default;Default;Default;Default;Default;Default;Default;1;15;Default;2;Default;Default;Default;Default;Default;16;10;13.97 ms;0.035 ms;0.051 ms;13.96 ms;0.0000;0.0000;0.0000;0 B
DeterministicStatic;RyuJitX64;False;Default;Default;Default;Default;Default;Default;111111111111111111111111;Empty;RyuJit;X64;8c5e7fda-e8bf-4a96-9a85-a6e23a8c635c;.NET Core 3.1;False;True;False;True;Default;Default;False;False;False;Default;Default;Default;Default;Default;Default;Default;1;Default;Default;Default;Default;Default;Default;Default;Default;16;Default;14.55 ms;0.017 ms;0.015 ms;14.55 ms;0.0000;0.0000;0.0000;2 B
DeterministicStatic;ServerForce;False;Default;Default;Default;Default;Default;Default;111111111111111111111111;Empty;RyuJit;X64;8c5e7fda-e8bf-4a96-9a85-a6e23a8c635c;.NET Core 3.1;False;True;False;True;Default;Default;False;False;True;Default;Default;Default;Default;Default;Default;Default;1;15;Default;2;Default;Default;Default;Default;Default;16;10;15.77 ms;0.038 ms;0.056 ms;15.74 ms;0.0000;0.0000;0.0000;387 B
DeterministicArray;RyuJitX64;False;Default;Default;Default;Default;Default;Default;111111111111111111111111;Empty;RyuJit;X64;8c5e7fda-e8bf-4a96-9a85-a6e23a8c635c;.NET Core 3.1;False;True;False;True;Default;Default;False;False;False;Default;Default;Default;Default;Default;Default;Default;1;Default;Default;Default;Default;Default;Default;Default;Default;16;Default;15.84 ms;0.118 ms;0.105 ms;15.83 ms;0.0000;0.0000;0.0000;18 B
DeterministicStatic;Server;False;Default;Default;Default;Default;Default;Default;111111111111111111111111;Empty;RyuJit;X64;8c5e7fda-e8bf-4a96-9a85-a6e23a8c635c;.NET Core 3.1;False;True;False;False;Default;Default;False;False;True;Default;Default;Default;Default;Default;Default;Default;1;15;Default;2;Default;Default;Default;Default;Default;16;10;16.48 ms;0.056 ms;0.082 ms;16.46 ms;0.0000;0.0000;0.0000;394 B
NativeStatic;ServerForce;False;Default;Default;Default;Default;Default;Default;111111111111111111111111;Empty;RyuJit;X64;8c5e7fda-e8bf-4a96-9a85-a6e23a8c635c;.NET Core 3.1;False;True;False;True;Default;Default;False;False;True;Default;Default;Default;Default;Default;Default;Default;1;15;Default;2;Default;Default;Default;Default;Default;16;10;16.70 ms;0.032 ms;0.047 ms;16.70 ms;0.0000;0.0000;0.0000;0 B
NativeArray;ServerForce;False;Default;Default;Default;Default;Default;Default;111111111111111111111111;Empty;RyuJit;X64;8c5e7fda-e8bf-4a96-9a85-a6e23a8c635c;.NET Core 3.1;False;True;False;True;Default;Default;False;False;True;Default;Default;Default;Default;Default;Default;Default;1;15;Default;2;Default;Default;Default;Default;Default;16;10;17.07 ms;0.043 ms;0.063 ms;17.07 ms;0.0000;0.0000;0.0000;0 B
NativeStatic;Server;False;Default;Default;Default;Default;Default;Default;111111111111111111111111;Empty;RyuJit;X64;8c5e7fda-e8bf-4a96-9a85-a6e23a8c635c;.NET Core 3.1;False;True;False;False;Default;Default;False;False;True;Default;Default;Default;Default;Default;Default;Default;1;15;Default;2;Default;Default;Default;Default;Default;16;10;17.46 ms;0.022 ms;0.034 ms;17.46 ms;0.0000;0.0000;0.0000;395 B
NativeStatic;RyuJitX64;False;Default;Default;Default;Default;Default;Default;111111111111111111111111;Empty;RyuJit;X64;8c5e7fda-e8bf-4a96-9a85-a6e23a8c635c;.NET Core 3.1;False;True;False;True;Default;Default;False;False;False;Default;Default;Default;Default;Default;Default;Default;1;Default;Default;Default;Default;Default;Default;Default;Default;16;Default;17.60 ms;0.121 ms;0.095 ms;17.63 ms;0.0000;0.0000;0.0000;3 B
NativeArray;RyuJitX64;False;Default;Default;Default;Default;Default;Default;111111111111111111111111;Empty;RyuJit;X64;8c5e7fda-e8bf-4a96-9a85-a6e23a8c635c;.NET Core 3.1;False;True;False;True;Default;Default;False;False;False;Default;Default;Default;Default;Default;Default;Default;1;Default;Default;Default;Default;Default;Default;Default;Default;16;Default;17.93 ms;0.102 ms;0.095 ms;17.93 ms;0.0000;0.0000;0.0000;18 B
DeterministicArray;Server;False;Default;Default;Default;Default;Default;Default;111111111111111111111111;Empty;RyuJit;X64;8c5e7fda-e8bf-4a96-9a85-a6e23a8c635c;.NET Core 3.1;False;True;False;False;Default;Default;False;False;True;Default;Default;Default;Default;Default;Default;Default;1;15;Default;2;Default;Default;Default;Default;Default;16;10;29.65 ms;0.048 ms;0.070 ms;29.63 ms;0.0000;0.0000;0.0000;394 B
NativeArray;Server;False;Default;Default;Default;Default;Default;Default;111111111111111111111111;Empty;RyuJit;X64;8c5e7fda-e8bf-4a96-9a85-a6e23a8c635c;.NET Core 3.1;False;True;False;False;Default;Default;False;False;True;Default;Default;Default;Default;Default;Default;Default;1;15;Default;2;Default;Default;Default;Default;Default;16;10;31.81 ms;0.268 ms;0.384 ms;31.74 ms;0.0000;0.0000;0.0000;162 B
MD5Static;ServerForce;False;Default;Default;Default;Default;Default;Default;111111111111111111111111;Empty;RyuJit;X64;8c5e7fda-e8bf-4a96-9a85-a6e23a8c635c;.NET Core 3.1;False;True;False;True;Default;Default;False;False;True;Default;Default;Default;Default;Default;Default;Default;1;15;Default;2;Default;Default;Default;Default;Default;16;10;127.51 ms;0.516 ms;0.773 ms;127.51 ms;500.0000;0.0000;0.0000;117602188 B
MD5Static;RyuJitX64;False;Default;Default;Default;Default;Default;Default;111111111111111111111111;Empty;RyuJit;X64;8c5e7fda-e8bf-4a96-9a85-a6e23a8c635c;.NET Core 3.1;False;True;False;True;Default;Default;False;False;False;Default;Default;Default;Default;Default;Default;Default;1;Default;Default;Default;Default;Default;Default;Default;Default;16;Default;129.41 ms;2.507 ms;2.345 ms;129.13 ms;14000.0000;0.0000;0.0000;117600310 B
MD5Array;ServerForce;False;Default;Default;Default;Default;Default;Default;111111111111111111111111;Empty;RyuJit;X64;8c5e7fda-e8bf-4a96-9a85-a6e23a8c635c;.NET Core 3.1;False;True;False;True;Default;Default;False;False;True;Default;Default;Default;Default;Default;Default;Default;1;15;Default;2;Default;Default;Default;Default;Default;16;10;134.52 ms;0.332 ms;0.486 ms;134.40 ms;500.0000;0.0000;0.0000;117600232 B
MD5Static;Server;False;Default;Default;Default;Default;Default;Default;111111111111111111111111;Empty;RyuJit;X64;8c5e7fda-e8bf-4a96-9a85-a6e23a8c635c;.NET Core 3.1;False;True;False;False;Default;Default;False;False;True;Default;Default;Default;Default;Default;Default;Default;1;15;Default;2;Default;Default;Default;Default;Default;16;10;134.61 ms;0.545 ms;0.798 ms;134.54 ms;500.0000;0.0000;0.0000;117602210 B
MD5Array;Server;False;Default;Default;Default;Default;Default;Default;111111111111111111111111;Empty;RyuJit;X64;8c5e7fda-e8bf-4a96-9a85-a6e23a8c635c;.NET Core 3.1;False;True;False;False;Default;Default;False;False;True;Default;Default;Default;Default;Default;Default;Default;1;15;Default;2;Default;Default;Default;Default;Default;16;10;141.42 ms;0.289 ms;0.433 ms;141.48 ms;500.0000;0.0000;0.0000;117602210 B
MD5Array;RyuJitX64;False;Default;Default;Default;Default;Default;Default;111111111111111111111111;Empty;RyuJit;X64;8c5e7fda-e8bf-4a96-9a85-a6e23a8c635c;.NET Core 3.1;False;True;False;True;Default;Default;False;False;False;Default;Default;Default;Default;Default;Default;Default;1;Default;Default;Default;Default;Default;Default;Default;Default;16;Default;141.99 ms;1.206 ms;1.128 ms;141.91 ms;14000.0000;0.0000;0.0000;117600000 B
